{"cameraMode":{"drawMode":0,"name":"Shaded","section":"Shading Mode"},"sceneLighting":true,"audioPlay":false,"sceneViewState":{"m_AlwaysRefresh":false,"showFog":true,"showSkybox":true,"showFlares":true,"showImageEffects":true,"showParticleSystems":true,"showVisualEffectGraphs":true,"m_FxEnabled":true},"in2DMode":false,"pivot":{"x":4.841312885284424,"y":27.254138946533204,"z":-69.91465759277344},"rotation":{"x":0.40857723355293276,"y":0.0041072131134569649,"z":-0.0018386439187452198,"w":0.9127137064933777},"size":38.95018005371094,"orthographic":false}